"customer_name","order_count"
"Emily Phan","17"
"Patrick Gardner","13"
"Sally Hughsby","13"
"Chloris Kastensmidt","13"
"Zuschuss Carroll","13"
"Erin Ashbrook","13"
"Joel Eaton","13"
"Noel Staavos","13"
"Ken Lonsdale","12"
"Bart Pistole","12"
"Bill Donatelli","12"
"Chris Cortes","12"
"Anna H�berlin","12"
"Edward Hooks","12"
"Chris Selesnick","12"
"Suzanne McNair","12"
"Ken Black","12"
"Keith Dawkins","12"
"Sanjit Jacobs","12"
"Damala Kotsonis","12"
"Pete Kriz","12"
"Lena Creighton","12"
"Clay Ludtke","12"
"Henry Goldwyn","12"
"Resi P�lking","12"
"Rick Bensley","12"
"Christine Sundaresam","11"
"Sanjit Engle","11"
"William Brown","11"
"George Bell","11"
"Brian Moss","11"
"Sam Zeldin","11"
"Xylona Preis","11"
"Greg Tran","11"
"Jonathan Doherty","11"
"Clytie Kelty","11"
"Steven Cartwright","11"
"Laura Armstrong","11"
"Dean percer","11"
"Muhammed Yedwab","11"
"Guy Armstrong","11"
"Michael Moore","11"
"Matt Abelman","11"
"Jeremy Farry","11"
"James Galang","11"
"Ben Ferrer","11"
"Carlos Soltero","11"
"John Lee","11"
"Patrick O'Brill","11"
"Frank Olsen","10"
"Chuck Clark","10"
"Shahid Hopkins","10"
"Maribeth Schnelling","10"
"Kean Thornton","10"
"Steve Chapman","10"
"Dean Braden","10"
"Pauline Webber","10"
"Justin MacKendrick","10"
"Paul Prost","10"
"Julie Kriz","10"
"Joe Kamberova","10"
"Joe Elijah","10"
"Rob Dowd","10"
"Mick Crebagga","10"
"Adam Hart","10"
"Neoma Murray","10"
"Jennifer Braxton","10"
"Roger Demir","10"
"Arthur Prichep","10"
"Arthur Gainer","10"
"Harry Marie","10"
"Arianne Irving","10"
"Adrian Barton","10"
"Gene McClure","10"
"Bryan Mills","10"
"Frank Hawley","10"
"Filia McAdams","10"
"Eugene Hildebrand","10"
"Cassandra Brandow","10"
"Maria Bertelson","10"
"Emily Burns","10"
"Annie Thurman","10"
"Edward Becker","10"
"Seth Vernon","10"
"Sung Pak","10"
"Sue Ann Reed","10"
"Victoria Wilson","10"
"Maria Etezadi","10"
"Shahid Collister","9"
"Tracy Blumstein","9"
"Natalie DeCherney","9"
"Cindy Chapman","9"
"Dean Katz","9"
"Odella Nelson","9"
"Ruben Dartt","9"
"Philisse Overcash","9"
"Russell Applegate","9"
"Becky Castell","9"
"Stewart Visinsky","9"
"Allen Armold","9"
"Karl Braun","9"
"Mark Van Huff","9"
"Brenda Bowman","9"
"Katherine Nockton","9"
"Greg Guthrie","9"
"Sample Company A","9"
"Grace Kelly","9"
"Lena Hernandez","9"
"Theone Pippenger","9"
"Lindsay Shagiari","9"
"Sanjit Chand","9"
"Ralph Arnett","9"
"Ed Braxton","9"
"Paul Gonzalez","9"
"Dan Campbell","9"
"Gary Zandusky","9"
"Cynthia Voltz","9"
"Gary Hansen","9"
"Marina Lichtenstein","9"
"Fred McMath","9"
"Dan Reichenbach","9"
"Frank Merwin","9"
"Trudy Brown","9"
"Christopher Schild","9"
"Ken Heidel","9"
"Darren Powers","9"
"Tamara Dahlen","9"
"Cyma Kinney","9"
"Sarah Foster","9"
"Dennis Pardue","9"
"Sylvia Foulston","9"
"Shirley Daniels","9"
"Michael Granlund","9"
"John Castell","9"
"Ben Peterman","9"
"Christina Anderson","9"
"Michael Paige","9"
"Jim Kriz","9"
"Tony Chapman","9"
"Logan Haushalter","9"
"Maxwell Schwartz","9"
"Nick Zandusky","9"
"Logan Currie","9"
"Alan Hwang","9"
"Rob Williams","9"
"Erin Smith","9"
"Mick Hernandez","9"
"Stefania Perrino","9"
"David Smith","9"
"Quincy Jones","9"
"Mike Pelletier","9"
"Stephanie Phelps","9"
"Denny Ordway","9"
"Nona Balk","9"
"Jack O'Briant","9"
"Adam Shillingsburg","9"
"Alejandro Ballentine","9"
"Muhammed MacIntyre","9"
"Julie Prescott","9"
"Bart Watters","8"
"Paul Stevenson","8"
"Liz Thompson","8"
"Marc Crier","8"
"Patrick Jones","8"
"Mark Hamilton","8"
"Parhena Norris","8"
"Matt Collins","8"
"Matt Connell","8"
"Adam Bellavance","8"
"Max Engle","8"
"Meg O'Connel","8"
"Michael Kennedy","8"
"Michelle Moray","8"
"Tiffany House","8"
"Thomas Thornton","8"
"Brosina Hoffman","8"
"Tamara Manning","8"
"Caroline Jumper","8"
"Carol Triggs","8"
"Cathy Prescott","8"
"Susan Vittorini","8"
"Christine Phan","8"
"Andrew Gjertsen","8"
"Christy Brittain","8"
"Steven Roelle","8"
"Claudia Bergmann","8"
"Alan Barnes","8"
"Craig Yedwab","8"
"Daniel Byrd","8"
"Daniel Raglin","8"
"Dan Lawera","8"
"Dave Poirier","8"
"Alan Dominguez","8"
"Deborah Brumfield","8"
"Delfina Latchford","8"
"Sheri Gordon","8"
"Denise Monton","8"
"Dennis Kane","8"
"Yana Sorensen","8"
"Dionis Lloyd","8"
"Don Jones","8"
"Anne McFarland","8"
"Anne Pryor","8"
"Elizabeth Moffitt","8"
"Emily Ducich","8"
"Scott Cohen","8"
"Eric Hoffmann","8"
"Anthony Rawles","8"
"Frank Preis","8"
"Fred Hopkins","8"
"Saphhira Shifley","8"
"George Ashbrook","8"
"Roy Phan","8"
"Heather Kirkland","8"
"Helen Andreada","8"
"Helen Wasserman","8"
"Roy Franz�sisch","8"
"Ross DeVincentis","8"
"Ross Baird","8"
"Roland Schwarz","8"
"Jay Kimmel","8"
"Jill Fjeld","8"
"Barry Franz�sisch","8"
"Rob Lucas","8"
"Barry Gonzalez","8"
"Rick Duston","8"
"Joseph Airdo","8"
"Richard Bierner","8"
"Justin Deggeller","8"
"Randy Ferguson","8"
"Katharine Harms","8"
"Katherine Murray","8"
"Katrina Edelman","8"
"Kelly Lampkin","8"
"Toby Carlisle","8"
"Kristina Nunn","8"
"Kunst Miller","8"
"Philip Brown","8"
"Laurel Beltran","8"
"Lena Cacioppo","8"
"Linda Cazamias","8"
"Mike Vittorini","7"
"Neil Knudson","7"
"Sean Christensen","7"
"Mick Brown","7"
"Nick Crebassa","7"
"Jennifer Patt","7"
"Tracy Hopkins","7"
"Nicole Fjeld","7"
"Sara Luxemburg","7"
"Jeremy Pistek","7"
"Jessica Myrick","7"
"Duane Noonan","7"
"Kristen Hastings","7"
"Duane Benoit","7"
"Brian Thompson","7"
"Jim Epp","7"
"Jim Karlsson","7"
"Ted Trevino","7"
"Sandra Flanagan","7"
"Nicole Hansen","7"
"Rick Wilson","7"
"Tracy Collins","7"
"Sean Braxton","7"
"Giulietta Weimer","7"
"Michael Chen","7"
"Brian Dahlen","7"
"Ann Steele","7"
"Aaron Smayling","7"
"Scot Wooten","7"
"Maribeth Yedwab","7"
"Maya Herman","7"
"Charles Crestani","7"
"John Murray","7"
"Tonja Turnell","7"
"Max Ludwig","7"
"Jonathan Howell","7"
"Amy Cox","7"
"Tom Boeckenhauer","7"
"Joni Wasserman","7"
"Luke Foster","7"
"Thomas Seio","7"
"Joy Bell-","7"
"Erica Hernandez","7"
"Tamara Willingham","7"
"Max Jones","7"
"Tim Brockman","7"
"Frank Atkinson","7"
"Ruben Ausman","7"
"Penelope Sewall","7"
"Matthew Grinstein","7"
"Nora Preis","7"
"Harold Pawlan","7"
"Harold Ryan","7"
"Art Ferguson","7"
"Natalie Fritzler","7"
"Frank Carlisle","7"
"Pierre Wener","7"
"Helen Abelman","7"
"Patrick O'Donnell","7"
"Ken Brennan","7"
"Natalie Webber","7"
"Dario Medina","7"
"Valerie Mitchum","7"
"Frank Gastineau","7"
"Cynthia Arntzen","7"
"Darrin Martin","7"
"Liz Preis","7"
"Herbert Flentye","7"
"Dave Brooks","7"
"Troy Staebel","7"
"Dave Kipp","7"
"Karen Bern","7"
"David Bremer","7"
"Hunter Glantz","7"
"Shui Tom","7"
"Adrian Hane","7"
"Victoria Pisteka","7"
"Anthony Jacobs","7"
"Craig Carreira","7"
"Doug O'Connell","7"
"Stephanie Ulpright","7"
"Irene Maddox","7"
"Luke Weiss","7"
"Anna Gayman","7"
"Corey Catlett","7"
"Karen Ferguson","7"
"Ivan Liston","7"
"Rose O'Brian","7"
"Maribeth Dona","7"
"Pauline Johnson","7"
"Nathan Mautz","7"
"Shaun Weien","7"
"Shaun Chance","7"
"Steve Nguyen","7"
"Mitch Webber","7"
"Fred Chung","7"
"Jamie Frazer","7"
"Arthur Wiediger","7"
"Ashley Jarboe","7"
"Stewart Carmichael","7"
"Mark Packer","7"
"Dorothy Badders","7"
"Kean Takahito","7"
"Dorothy Wardle","7"
"Beth Paige","7"
"Doug Bickford","7"
"Aaron Hawkins","7"
"Keith Herrera","7"
"Tanja Norvell","7"
"Kelly Andreada","7"
"Barbara Fisher","7"
"Anthony Johnson","7"
"Alan Shonely","7"
"Roland Fjeld","7"
"Bruce Stewart","7"
"Gary McGarr","7"
"Corinna Mitchell","6"
"Charlotte Melton","6"
"Sean O'Donnell","6"
"Alyssa Tate","6"
"Charles McCrossin","6"
"Pete Armstrong","6"
"Annie Zypern","6"
"Scott Williamson","6"
"Susan Pistek","6"
"Becky Pak","6"
"Chad Cunningham","6"
"Maris LaWare","6"
"Erica Hackney","6"
"Vivek Gonzalez","6"
"Catherine Glotzbach","6"
"Sarah Jordon","6"
"Eugene Barchas","6"
"Carol Adams","6"
"Eugene Moren","6"
"Evan Bailliet","6"
"Evan Henry","6"
"Carl Weiss","6"
"Cari Schnelling","6"
"Candace McMahon","6"
"Sarah Brown","6"
"Bryan Davis","6"
"Gary Mitchum","6"
"Bruce Geld","6"
"Bruce Degenhardt","6"
"Brooke Gillingham","6"
"Marc Harrigan","6"
"Brian DeCherney","6"
"Brendan Sweed","6"
"Brendan Murry","6"
"Theresa Swint","6"
"Greg Matthias","6"
"Ryan Crowe","6"
"Bradley Drucker","6"
"Brad Eason","6"
"Bill Tyler","6"
"Naresj Patel","6"
"Nathan Cano","6"
"Roy Collins","6"
"Hunter Lopez","6"
"Lynn Smith","6"
"Jack Lebron","6"
"Neil Ducich","6"
"Janet Martin","6"
"Tony Sayre","6"
"Jane Waco","6"
"Jas O'Carroll","6"
"Jason Gross","6"
"Jay Fein","6"
"Luke Schmidt","6"
"Jennifer Ferguson","6"
"Jeremy Ellison","6"
"Jeremy Lonsdale","6"
"Michelle Arnett","6"
"Berenike Kampe","6"
"Lena Radford","6"
"Michael Stewart","6"
"Philip Fox","6"
"Rick Reed","6"
"Michael Nguyen","6"
"Alejandro Savely","6"
"Rick Huthwaite","6"
"Meg Tillman","6"
"John Grady","6"
"John Huston","6"
"John Lucas","6"
"Ben Wallace","6"
"Joseph Holt","6"
"Joy Daniels","6"
"Joy Smith","6"
"Maurice Satty","6"
"Toby Braunhardt","6"
"Nora Pelletier","6"
"Lindsay Williams","6"
"Linda Southworth","6"
"Raymond Messe","6"
"Raymond Buch","6"
"Victoria Brennan","6"
"Sonia Sunley","6"
"Matt Collister","6"
"Daniel Lacy","6"
"Pamela Stobb","6"
"Kalyca Meade","6"
"Andy Reiter","6"
"Valerie Dominguez","6"
"Skye Norling","6"
"Anna Andreadi","6"
"Dave Hallsten","6"
"Sibella Parks","6"
"Speros Goranitis","6"
"David Wiener","6"
"Karen Carlisle","6"
"Todd Sumrall","6"
"Laurel Elliston","6"
"Mary Zewe","6"
"Steve Carroll","6"
"Cindy Stewart","6"
"Shahid Shariari","6"
"Dianna Vittorini","6"
"Katherine Ducich","6"
"Katherine Hughes","6"
"Lauren Leatherbury","6"
"Dorothy Dickinson","6"
"Zuschuss Donatelli","5"
"Aimee Bixby","5"
"Alan Schoenberger","5"
"Alejandro Grove","5"
"Alex Avila","5"
"Alex Grayson","5"
"Alice McCarthy","5"
"Allen Goldenen","5"
"Allen Rosenblatt","5"
"Amy Hunt","5"
"Andrew Roberts","5"
"Anna Chung","5"
"Ann Chong","5"
"Barry Blumstein","5"
"Barry Pond","5"
"Benjamin Patterson","5"
"Benjamin Venier","5"
"Beth Thompson","5"
"Bill Eplett","5"
"Bill Overfelt","5"
"Bill Shonely","5"
"Bill Stewart","5"
"Bobby Elias","5"
"Bradley Nguyen","5"
"Bradley Talbott","5"
"Cari Sayre","5"
"Carlos Daly","5"
"Cathy Armstrong","5"
"Charles Sheldon","5"
"Chris McAfee","5"
"Christina VanderZanden","5"
"Christine Kargatis","5"
"Christopher Conant","5"
"Corey-Lock","5"
"Craig Leslie","5"
"Cynthia Delaney","5"
"Dana Kaydos","5"
"Darren Budd","5"
"Darren Koutras","5"
"Darrin Van Huff","5"
"Deanra Eno","5"
"Debra Catini","5"
"Deirdre Greer","5"
"Dennis Bolton","5"
"Dianna Wilson","5"
"Don Weiss","5"
"Dorris liebe","5"
"Eleni McCrary","5"
"Ellis Ballard","5"
"Emily Grady","5"
"Erica Smith","5"
"Eric Barreto","5"
"Eric Murdock","5"
"Erin Creighton","5"
"Eva Jacobs","5"
"Giulietta Baptist","5"
"Hallie Redmond","5"
"Harry Greene","5"
"Heather Jas","5"
"Henia Zydlo","5"
"James Lanier","5"
"Jamie Kunitz","5"
"Janet Lee","5"
"Janet Molinari","5"
"Jason Fortune-","5"
"Jennifer Jackson","5"
"Jesus Ocampo","5"
"Jill Matthias","5"
"Jim Mitchum","5"
"John Dryer","5"
"John Stevenson","5"
"Joni Sundaresam","5"
"Julia Barnett","5"
"Julie Creighton","5"
"Justin Ritter","5"
"Karen Daniels","5"
"Katrina Willman","5"
"Kean Nguyen","5"
"Ken Dana","5"
"Khloe Miller","5"
"Laurel Workman","5"
"Lisa Ryan","5"
"Liz Carlisle","5"
"Liz MacKendrick","5"
"Lori Olson","5"
"Mark Cousins","5"
"Maureen Fritzler","5"
"Michael Dominguez","5"
"Michael Grace","5"
"Michelle Huthwaite","5"
"Mike Caudle","5"
"Monica Federle","5"
"Nat Carroll","5"
"Nat Gilpin","5"
"Nathan Gelder","5"
"Nick Radford","5"
"Noah Childs","5"
"Nora Paige","5"
"Olvera Toch","5"
"Patrick Ryan","5"
"Paul Lucas","5"
"Paul Van Hugh","5"
"Phillina Ober","5"
"Phillip Flathmann","5"
"Ricardo Sperren","5"
"Richard Eichhorn","5"
"Rick Hansen","5"
"Rob Beeghly","5"
"Robert Barroso","5"
"Robert Dilbeck","5"
"Robert Marley","5"
"Robert Waldorf","5"
"Ryan Akin","5"
"Sam Craven","5"
"Sean Miller","5"
"Sharelle Roach","5"
"Shirley Jackson","5"
"Sonia Cooley","5"
"Sung Shariari","5"
"Tamara Chand","5"
"Ted Butterfield","5"
"Thea Hendricks","5"
"Toby Gnade","5"
"Toby Ritter","5"
"Toby Swindell","5"
"Todd Boyes","5"
"Tom Prescott","5"
"Tom Stivers","5"
"Troy Blackwell","5"
"Trudy Schmidt","5"
"Vicky Freymann","5"
"Vivek Grady","5"
"Vivian Mathis","5"
"Yoseph Carroll","5"
"Lisa Hazard","4"
"Lisa DeCherney","4"
"Lindsay Castell","4"
"Peter B�hler","4"
"Peter Fuller","4"
"Peter McVee","4"
"Pete Takahito","4"
"Kimberly Carter","4"
"Barry Franz","4"
"Kelly Williams","4"
"Kelly Collister","4"
"Rachel Payne","4"
"Justin Hirsh","4"
"Julia West","4"
"Art Foster","4"
"Jim Sink","4"
"Anthony Witt","4"
"Tracy Poddar","4"
"Tracy Zic","4"
"Alex Russell","4"
"Jill Stevenson","4"
"Jennifer Halladay","4"
"Roger Barcio","4"
"Jasper Cacioppo","4"
"Ivan Gibson","4"
"Henry MacAllister","4"
"Harold Engle","4"
"Guy Thornton","4"
"Russell D'Ascenzo","4"
"Anthony Garverick","4"
"Sally Matthias","4"
"Ann Blume","4"
"Giulietta Dortch","4"
"George Zrebassa","4"
"Gary Hwang","4"
"Fred Harton","4"
"Eudokia Martin","4"
"Erin Mull","4"
"Scot Coram","4"
"Erica Bern","4"
"Eileen Kiefer","4"
"Edward Nazzal","4"
"Trudy Glocke","4"
"Ed Jacobs","4"
"Duane Huffman","4"
"Dianna Arnett","4"
"Aleksandra Gannaway","4"
"Denny Joy","4"
"Denny Blanton","4"
"Denise Leinenbach","4"
"Angele Hood","4"
"Darrin Sayre","4"
"Craig Reiter","4"
"Craig Molinari","4"
"Craig Carroll","4"
"Clay Rozendal","4"
"Cindy Schnelling","4"
"Christopher Martinez","4"
"Stuart Calhoun","4"
"Stuart Van","4"
"Christine Abelman","4"
"Chad Sievert","4"
"Chad McGuire","4"
"Alan Haines","4"
"Carl Ludwig","4"
"Andy Yotov","4"
"Andy Gerbode","4"
"Thea Hudgings","4"
"Thomas Boland","4"
"Thomas Brumley","4"
"Brad Norvell","4"
"Bobby Trafton","4"
"Nancy Lomonaco","4"
"Benjamin Farhat","4"
"Andrew Allen","4"
"Neil Franz�sisch","4"
"Mike Kennedy","4"
"Neola Schneider","4"
"Mike Gockenbach","4"
"Michelle Tran","4"
"Michelle Ellison","4"
"Melanie Seite","4"
"Becky Martin","4"
"Maureen Gastineau","4"
"Matthew Clasen","4"
"Matt Hagelstein","4"
"Tom Ashbrook","4"
"Pamela Coakley","4"
"Mathew Reese","4"
"Mary O'Rourke","4"
"MaryBeth Skach","4"
"Mark Haberlin","4"
"Maria Zettner","4"
"Magdelene Morse","4"
"Liz Pelletier","4"
"Vivek Sundaresam","4"
"Brian Stugart","3"
"Jason Klamczynski","3"
"Jack Garza","3"
"Tim Taslimi","3"
"Ionia McGrath","3"
"Beth Fritzler","3"
"Larry Tron","3"
"Lycoris Saunders","3"
"Katrina Bavinger","3"
"Harold Dahlen","3"
"Susan Gilcrest","3"
"Ralph Kennedy","3"
"Evan Minnotte","3"
"Patrick Bzostek","3"
"Greg Maxwell","3"
"Aaron Bergman","3"
"Sally Knutson","3"
"David Flashing","3"
"Cathy Hwang","3"
"Grant Thornton","3"
"Carol Darley","3"
"Karen Seio","3"
"Sandra Glassco","3"
"Liz Willingham","3"
"Corey Roper","3"
"Justin Ellison","3"
"Fred Wasserman","3"
"Sarah Bern","3"
"Paul MacIntyre","3"
"Maureen Gnade","3"
"Doug Jacobs","3"
"Tony Molinari","3"
"Juliana Krohn","3"
"Astrea Jones","3"
"Julia Dunbar","3"
"Joni Blumstein","3"
"Clay Cheatham","3"
"Shirley Schmidt","3"
"Sean Wendt","3"
"Claire Gute","3"
"Don Miller","3"
"Brian Derr","3"
"Larry Hughes","3"
"Michelle Lonsdale","3"
"Larry Blacks","3"
"Cyra Reiten","3"
"Chuck Magee","3"
"Rob Haberlin","3"
"Barry Weirich","3"
"Victor Preis","3"
"Bart Folk","3"
"Alyssa Crouse","3"
"Elpida Rittenbach","3"
"Nicole Brennan","2"
"Brad Thomas","2"
"Michael Oakman","2"
"David Philippe","2"
"Adrian Shami","2"
"David Kendrick","2"
"Bobby Odegard","2"
"Phillip Breyer","2"
"Stefanie Holloman","2"
"Ralph Ritter","2"
"Randy Bradley","2"
"Joel Jenkins","2"
"Ritsa Hightower","2"
"Jim Radford","2"
"Chuck Sachs","2"
"Steven Ward","2"
"Muhammed Lee","2"
"Mitch Willingham","2"
"Sung Chung","2"
"Hilary Holden","2"
"Christina DeMoss","2"
"Valerie Takahito","2"
"Roy Skaria","2"
"Guy Phonely","2"
"Greg Hansen","2"
"Pauline Chand","2"
"Georgia Rosenberg","2"
"Gene Hale","2"
"Carlos Meador","2"
"Bryan Spruell","2"
"Paul Knutson","2"
"Thais Sissman","2"
"Ed Ludwig","2"
"Brendan Dodson","2"
"Mitch Gastineau","1"
"Anemone Ratner","1"
"Jenna Caffey","1"
"Lela Donovan","1"
"Anthony O'Donnell","1"
"Patricia Hirasaki","1"
"Jocasta Rupert","1"
"Susan MacKendrick","1"
"Carl Jackson","1"
"Theresa Coyne","1"
"Ricardo Emerson","1"
"Roland Murray","1"
